Aaron ,1,ADMINISTRATIVE DETENTION                          ,
Aaron ,1,COUNSELING                                        ,
Aaron ,1,IN-SCHOOL SUSPENSION                              ,
Abu ,2,5 DAY LETTER                                      ,
Abu ,2,ADMINISTRATIVE DETENTION                          ,
Abu ,1,COUNSELING                                        ,
Abu ,1,IN-SCHOOL SUSPENSION                              ,
Abu ,1,JUVENILE OR COURT REFERRAL                        ,
Abu ,1,SATURDAY SCHOOL (FULL DAY)                        ,
Adam,2,5 DAY LETTER                                      ,
Adam,2,ADMINISTRATIVE DETENTION                          ,
Adam,1,COUNSELING                                        ,
Adam,1,IN-SCHOOL SUSPENSION                              ,
Adam,2,JUVENILE OR COURT REFERRAL                        ,
Adam,1,SATURDAY SCHOOL (FULL DAY)                        ,
Adrian,2,5 DAY LETTER                                      ,
Adrian,1,ADMINISTRATIVE DETENTION                          ,
Adrian,1,COUNSELING                                        ,
Adrian,1,IN-SCHOOL SUSPENSION                              ,
Adrian,2,JUVENILE OR COURT REFERRAL                        ,
Adrian,2,SATURDAY SCHOOL (FULL DAY)                        ,
Adriana,1,ADMINISTRATIVE DETENTION                          ,
Adriana,1,COUNSELING                                        ,
Adriana,1,IN-SCHOOL SUSPENSION                              ,
Ahmad,1,5 DAY LETTER                                      ,
Ahmad,1,COUNSELING                                        ,
Ahmad,1,IN-SCHOOL SUSPENSION                              ,
Ahmad,1,JUVENILE OR COURT REFERRAL                        ,
Ahmad,1,SATURDAY SCHOOL (FULL DAY)                        ,
Ajay,1,ADMINISTRATIVE DETENTION                          ,
Alan,1,5 DAY LETTER                                      ,
Alan,1,ADMINISTRATIVE DETENTION                          ,
Alan,1,JUVENILE OR COURT REFERRAL                        ,
Aldis,2,5 DAY LETTER                                      ,
Aldis,1,ADMINISTRATIVE DETENTION                          ,
Aldis,1,COUNSELING                                        ,
Aldis,1,IN-SCHOOL SUSPENSION                              ,
Aldis,2,JUVENILE OR COURT REFERRAL                        ,
Aldis,2,SATURDAY SCHOOL (FULL DAY)                        ,
Ales,2,5 DAY LETTER                                      ,
Ales,1,ADMINISTRATIVE DETENTION                          ,
Ales,1,COUNSELING                                        ,
Ales,2,IN-SCHOOL SUSPENSION                              ,
Ales,2,JUVENILE OR COURT REFERRAL                        ,
Ales,2,SATURDAY SCHOOL (FULL DAY)                        ,
Alex,2,5 DAY LETTER                                      ,
Alex,2,ADMINISTRATIVE DETENTION                          ,
Alex,2,COUNSELING                                        ,
Alex,1,IN-SCHOOL SUSPENSION                              ,
Alex,1,JUVENILE OR COURT REFERRAL                        ,
Alex,1,SATURDAY SCHOOL (FULL DAY)                        ,
Alexander,2,5 DAY LETTER                                      ,
Alexander,1,ADMINISTRATIVE DETENTION                          ,
Alexander,1,COUNSELING                                        ,
Alexander,1,IN-SCHOOL SUSPENSION                              ,
Alexander,1,JUVENILE OR COURT REFERRAL                        ,
Alexander,1,SATURDAY SCHOOL (FULL DAY)                        ,
Alice,1,JUVENILE OR COURT REFERRAL                        ,
Alistair,1,5 DAY LETTER                                      ,
Alistair,1,ADMINISTRATIVE DETENTION                          ,
Alistair,1,COUNSELING                                        ,
Alistair,1,IN-SCHOOL SUSPENSION                              ,
Alistair,1,JUVENILE OR COURT REFERRAL                        ,
Alistair,1,SATURDAY SCHOOL (FULL DAY)                        ,
Alois,1,ADMINISTRATIVE DETENTION                          ,
Alois,1,COUNSELING                                        ,
Alois,1,IN-SCHOOL SUSPENSION                              ,
Alois,1,JUVENILE OR COURT REFERRAL                        ,
Alois,1,SATURDAY SCHOOL (FULL DAY)                        ,
Amr,1,5 DAY LETTER                                      ,
Amr,1,ADMINISTRATIVE DETENTION                          ,
Amr,2,COUNSELING                                        ,
Amr,2,IN-SCHOOL SUSPENSION                              ,
Amr,1,JUVENILE OR COURT REFERRAL                        ,
Amr,1,SATURDAY SCHOOL (FULL DAY)                        ,
Ananth,1,5 DAY LETTER                                      ,
Ananth,1,ADMINISTRATIVE DETENTION                          ,
Ananth,1,JUVENILE OR COURT REFERRAL                        ,
Anat,1,5 DAY LETTER                                      ,
Anat,1,ADMINISTRATIVE DETENTION                          ,
Anat,1,COUNSELING                                        ,
Anat,1,IN-SCHOOL SUSPENSION                              ,
Anat,1,JUVENILE OR COURT REFERRAL                        ,
Anat,1,SATURDAY SCHOOL (FULL DAY)                        ,
Anders,1,5 DAY LETTER                                      ,
Andrea,1,ADMINISTRATIVE DETENTION                          ,
Andrea,1,COUNSELING                                        ,
Andrea,1,IN-SCHOOL SUSPENSION                              ,
Andrea,1,JUVENILE OR COURT REFERRAL                        ,
Andrea,1,SATURDAY SCHOOL (FULL DAY)                        ,
Andreas,1,COUNSELING                                        ,
Andreas,1,IN-SCHOOL SUSPENSION                              ,
Andreas,1,SATURDAY SCHOOL (FULL DAY)                        ,
Andrew,4,5 DAY LETTER                                      ,
Andrew,4,ADMINISTRATIVE DETENTION                          ,
Andrew,4,COUNSELING                                        ,
Andrew,4,IN-SCHOOL SUSPENSION                              ,
Andrew,5,JUVENILE OR COURT REFERRAL                        ,
Andrew,4,SATURDAY SCHOOL (FULL DAY)                        ,
Andrﬂs,1,5 DAY LETTER                                      ,
Andrﬂs,1,ADMINISTRATIVE DETENTION                          ,
Andrﬂs,2,COUNSELING                                        ,
Andrﬂs,2,IN-SCHOOL SUSPENSION                              ,
Andrﬂs,1,JUVENILE OR COURT REFERRAL                        ,
Andrﬂs,2,SATURDAY SCHOOL (FULL DAY)                        ,
Ankur,1,SATURDAY SCHOOL (FULL DAY)                        ,
Anna,1,ADMINISTRATIVE DETENTION                          ,
Anna,1,COUNSELING                                        ,
Anna,1,IN-SCHOOL SUSPENSION                              ,
Anna,2,JUVENILE OR COURT REFERRAL                        ,
Anna,1,SATURDAY SCHOOL (FULL DAY)                        ,
Anthony,1,JUVENILE OR COURT REFERRAL                        ,
Anthony,1,SATURDAY SCHOOL (FULL DAY)                        ,
Antonio,1,5 DAY LETTER                                      ,
Antonio,1,ADMINISTRATIVE DETENTION                          ,
Antonio,1,COUNSELING                                        ,
Antonio,1,IN-SCHOOL SUSPENSION                              ,
Antonio,1,JUVENILE OR COURT REFERRAL                        ,
Antonio,1,SATURDAY SCHOOL (FULL DAY)                        ,
Ari,1,5 DAY LETTER                                      ,
Ari,2,ADMINISTRATIVE DETENTION                          ,
Ari,2,COUNSELING                                        ,
Ari,3,IN-SCHOOL SUSPENSION                              ,
Ari,3,JUVENILE OR COURT REFERRAL                        ,
Ari,3,SATURDAY SCHOOL (FULL DAY)                        ,
Arlene,2,5 DAY LETTER                                      ,
Arlene,2,ADMINISTRATIVE DETENTION                          ,
Arlene,1,COUNSELING                                        ,
Arlene,1,IN-SCHOOL SUSPENSION                              ,
Arlene,2,JUVENILE OR COURT REFERRAL                        ,
Arlene,2,SATURDAY SCHOOL (FULL DAY)                        ,
Arnie,2,5 DAY LETTER                                      ,
Arnie,1,ADMINISTRATIVE DETENTION                          ,
Arnie,1,COUNSELING                                        ,
Arnie,1,IN-SCHOOL SUSPENSION                              ,
Arnie,1,JUVENILE OR COURT REFERRAL                        ,
Arnie,1,SATURDAY SCHOOL (FULL DAY)                        ,
Ashish,1,JUVENILE OR COURT REFERRAL                        ,
Ashish,1,SATURDAY SCHOOL (FULL DAY)                        ,
Axel,1,5 DAY LETTER                                      ,
Axel,1,ADMINISTRATIVE DETENTION                          ,
Axel,1,COUNSELING                                        ,
Axel,2,IN-SCHOOL SUSPENSION                              ,
Axel,2,JUVENILE OR COURT REFERRAL                        ,
Axel,2,SATURDAY SCHOOL (FULL DAY)                        ,
Ayla,1,IN-SCHOOL SUSPENSION                              ,
Aziz,1,5 DAY LETTER                                      ,
Aziz,1,ADMINISTRATIVE DETENTION                          ,
Aziz,1,COUNSELING                                        ,
Aziz,1,IN-SCHOOL SUSPENSION                              ,
Aziz,1,JUVENILE OR COURT REFERRAL                        ,
Aziz,1,SATURDAY SCHOOL (FULL DAY)                        ,
Balﬂzs,1,5 DAY LETTER                                      ,
Balﬂzs,2,ADMINISTRATIVE DETENTION                          ,
Balﬂzs,2,COUNSELING                                        ,
Balﬂzs,2,IN-SCHOOL SUSPENSION                              ,
Balﬂzs,1,JUVENILE OR COURT REFERRAL                        ,
Balﬂzs,1,SATURDAY SCHOOL (FULL DAY)                        ,
Barbara,1,5 DAY LETTER                                      ,
Barbara,1,ADMINISTRATIVE DETENTION                          ,
Barbara,1,COUNSELING                                        ,
Barbara,2,IN-SCHOOL SUSPENSION                              ,
Barbara,2,JUVENILE OR COURT REFERRAL                        ,
Barbara,2,SATURDAY SCHOOL (FULL DAY)                        ,
Ben,1,5 DAY LETTER                                      ,
Ben,2,ADMINISTRATIVE DETENTION                          ,
Ben,2,COUNSELING                                        ,
Ben,1,IN-SCHOOL SUSPENSION                              ,
Ben,1,JUVENILE OR COURT REFERRAL                        ,
Ben,1,SATURDAY SCHOOL (FULL DAY)                        ,
Benno,1,5 DAY LETTER                                      ,
Benno,1,JUVENILE OR COURT REFERRAL                        ,
Benno,1,SATURDAY SCHOOL (FULL DAY)                        ,
Bernard,2,5 DAY LETTER                                      ,
Bernard,2,ADMINISTRATIVE DETENTION                          ,
Bernard,2,COUNSELING                                        ,
Bernard,2,IN-SCHOOL SUSPENSION                              ,
Bernard,1,JUVENILE OR COURT REFERRAL                        ,
Bernard,2,SATURDAY SCHOOL (FULL DAY)                        ,
Billie ,2,5 DAY LETTER                                      ,
Billie ,2,ADMINISTRATIVE DETENTION                          ,
Billie ,1,COUNSELING                                        ,
Billie ,1,IN-SCHOOL SUSPENSION                              ,
Billie ,1,JUVENILE OR COURT REFERRAL                        ,
Billie ,1,SATURDAY SCHOOL (FULL DAY)                        ,
Bishara,1,5 DAY LETTER                                      ,
Bishara,2,ADMINISTRATIVE DETENTION                          ,
Bishara,2,COUNSELING                                        ,
Bishara,2,IN-SCHOOL SUSPENSION                              ,
Bishara,1,JUVENILE OR COURT REFERRAL                        ,
Bishara,1,SATURDAY SCHOOL (FULL DAY)                        ,
Bob,1,5 DAY LETTER                                      ,
Bob,1,JUVENILE OR COURT REFERRAL                        ,
Boris,1,ADMINISTRATIVE DETENTION                          ,
Boris,1,COUNSELING                                        ,
Boris,1,IN-SCHOOL SUSPENSION                              ,
Boris,1,JUVENILE OR COURT REFERRAL                        ,
Boris,1,SATURDAY SCHOOL (FULL DAY)                        ,
Brett,1,5 DAY LETTER                                      ,
Brett,2,ADMINISTRATIVE DETENTION                          ,
Brett,2,COUNSELING                                        ,
Brett,2,IN-SCHOOL SUSPENSION                              ,
Brett,1,JUVENILE OR COURT REFERRAL                        ,
Brett,1,SATURDAY SCHOOL (FULL DAY)                        ,
Brian,2,5 DAY LETTER                                      ,
Brian,2,ADMINISTRATIVE DETENTION                          ,
Brian,1,COUNSELING                                        ,
Brian,1,IN-SCHOOL SUSPENSION                              ,
Brian,1,JUVENILE OR COURT REFERRAL                        ,
Brian,2,SATURDAY SCHOOL (FULL DAY)                        ,
Britta,1,5 DAY LETTER                                      ,
Britta,1,ADMINISTRATIVE DETENTION                          ,
Britta,1,COUNSELING                                        ,
Britta,1,IN-SCHOOL SUSPENSION                              ,
Britta,2,JUVENILE OR COURT REFERRAL                        ,
Britta,2,SATURDAY SCHOOL (FULL DAY)                        ,
Bryan,2,5 DAY LETTER                                      ,
Bryan,2,ADMINISTRATIVE DETENTION                          ,
Bryan,1,COUNSELING                                        ,
Bryan,1,IN-SCHOOL SUSPENSION                              ,
Bryan,1,JUVENILE OR COURT REFERRAL                        ,
Bryan,1,SATURDAY SCHOOL (FULL DAY)                        ,
Carlos,1,5 DAY LETTER                                      ,
Carlos,1,ADMINISTRATIVE DETENTION                          ,
Carlos,1,COUNSELING                                        ,
Carole,1,5 DAY LETTER                                      ,
Carole,1,ADMINISTRATIVE DETENTION                          ,
Carole,1,JUVENILE OR COURT REFERRAL                        ,
Carole,1,SATURDAY SCHOOL (FULL DAY)                        ,
Charlie,3,5 DAY LETTER                                      ,
Charlie,3,ADMINISTRATIVE DETENTION                          ,
Charlie,4,COUNSELING                                        ,
Charlie,4,IN-SCHOOL SUSPENSION                              ,
Charlie,2,JUVENILE OR COURT REFERRAL                        ,
Charlie,4,SATURDAY SCHOOL (FULL DAY)                        ,
Chris,3,5 DAY LETTER                                      ,
Chris,2,ADMINISTRATIVE DETENTION                          ,
Chris,3,COUNSELING                                        ,
Chris,2,IN-SCHOOL SUSPENSION                              ,
Chris,3,JUVENILE OR COURT REFERRAL                        ,
Chris,2,SATURDAY SCHOOL (FULL DAY)                        ,
Christen,1,5 DAY LETTER                                      ,
Christen,1,ADMINISTRATIVE DETENTION                          ,
Christen,1,COUNSELING                                        ,
Christen,1,IN-SCHOOL SUSPENSION                              ,
Christen,1,JUVENILE OR COURT REFERRAL                        ,
Christen,1,SATURDAY SCHOOL (FULL DAY)                        ,
Christian,1,IN-SCHOOL SUSPENSION                              ,
Christian,1,SATURDAY SCHOOL (FULL DAY)                        ,
Christof,1,5 DAY LETTER                                      ,
Christof,1,ADMINISTRATIVE DETENTION                          ,
Christof,1,COUNSELING                                        ,
Christof,2,IN-SCHOOL SUSPENSION                              ,
Christof,1,JUVENILE OR COURT REFERRAL                        ,
Christof,2,SATURDAY SCHOOL (FULL DAY)                        ,
Christopher ,2,5 DAY LETTER                                      ,
Christopher ,2,ADMINISTRATIVE DETENTION                          ,
Christopher ,2,COUNSELING                                        ,
Christopher ,2,IN-SCHOOL SUSPENSION                              ,
Christopher ,2,JUVENILE OR COURT REFERRAL                        ,
Christopher ,1,SATURDAY SCHOOL (FULL DAY)                        ,
Cindy,2,5 DAY LETTER                                      ,
Cindy,2,ADMINISTRATIVE DETENTION                          ,
Cindy,1,COUNSELING                                        ,
Cindy,2,IN-SCHOOL SUSPENSION                              ,
Cindy,2,JUVENILE OR COURT REFERRAL                        ,
Cindy,2,SATURDAY SCHOOL (FULL DAY)                        ,
Claus,1,5 DAY LETTER                                      ,
Claus,1,ADMINISTRATIVE DETENTION                          ,
Claus,1,JUVENILE OR COURT REFERRAL                        ,
Cliff,1,IN-SCHOOL SUSPENSION                              ,
Cliff,1,JUVENILE OR COURT REFERRAL                        ,
Cliff,1,SATURDAY SCHOOL (FULL DAY)                        ,
Craig,2,5 DAY LETTER                                      ,
Craig,2,ADMINISTRATIVE DETENTION                          ,
Craig,2,COUNSELING                                        ,
Craig,1,IN-SCHOOL SUSPENSION                              ,
Craig,1,JUVENILE OR COURT REFERRAL                        ,
Craig,1,SATURDAY SCHOOL (FULL DAY)                        ,
Dag ,2,5 DAY LETTER                                      ,
Dag ,2,ADMINISTRATIVE DETENTION                          ,
Dag ,2,COUNSELING                                        ,
Dag ,1,IN-SCHOOL SUSPENSION                              ,
Dag ,2,JUVENILE OR COURT REFERRAL                        ,
Dag ,2,SATURDAY SCHOOL (FULL DAY)                        ,
Dan,1,5 DAY LETTER                                      ,
Dan,1,JUVENILE OR COURT REFERRAL                        ,
Dana,1,5 DAY LETTER                                      ,
Dana,1,ADMINISTRATIVE DETENTION                          ,
Dana,1,COUNSELING                                        ,
Dana,1,IN-SCHOOL SUSPENSION                              ,
Dana,1,JUVENILE OR COURT REFERRAL                        ,
Dana,1,SATURDAY SCHOOL (FULL DAY)                        ,
Danielle,1,5 DAY LETTER                                      ,
Danielle,1,ADMINISTRATIVE DETENTION                          ,
Danielle,1,COUNSELING                                        ,
Danielle,2,IN-SCHOOL SUSPENSION                              ,
Danielle,1,JUVENILE OR COURT REFERRAL                        ,
Danielle,2,SATURDAY SCHOOL (FULL DAY)                        ,
Darren,3,5 DAY LETTER                                      ,
Darren,1,ADMINISTRATIVE DETENTION                          ,
Darren,1,COUNSELING                                        ,
Darren,2,IN-SCHOOL SUSPENSION                              ,
Darren,3,JUVENILE OR COURT REFERRAL                        ,
Darren,2,SATURDAY SCHOOL (FULL DAY)                        ,
Dave,1,5 DAY LETTER                                      ,
Dave,1,ADMINISTRATIVE DETENTION                          ,
Dave,3,COUNSELING                                        ,
Dave,2,IN-SCHOOL SUSPENSION                              ,
Dave,1,JUVENILE OR COURT REFERRAL                        ,
Dave,2,SATURDAY SCHOOL (FULL DAY)                        ,
David ,6,5 DAY LETTER                                      ,
David,5,ADMINISTRATIVE DETENTION                          ,
David ,7,COUNSELING                                        ,
David,6,IN-SCHOOL SUSPENSION                              ,
David ,6,JUVENILE OR COURT REFERRAL                        ,
David,7,SATURDAY SCHOOL (FULL DAY)                        ,
Debra,1,5 DAY LETTER                                      ,
Debra,2,ADMINISTRATIVE DETENTION                          ,
Debra,2,COUNSELING                                        ,
Debra,1,IN-SCHOOL SUSPENSION                              ,
Debra,1,JUVENILE OR COURT REFERRAL                        ,
Debra,1,SATURDAY SCHOOL (FULL DAY)                        ,
Denis,1,5 DAY LETTER                                      ,
Denis,1,ADMINISTRATIVE DETENTION                          ,
Denis,1,COUNSELING                                        ,
Denis,1,IN-SCHOOL SUSPENSION                              ,
Denis,1,JUVENILE OR COURT REFERRAL                        ,
Denis,1,SATURDAY SCHOOL (FULL DAY)                        ,
Derek,1,5 DAY LETTER                                      ,
Derek,1,COUNSELING                                        ,
Derek,1,IN-SCHOOL SUSPENSION                              ,
Derek,1,JUVENILE OR COURT REFERRAL                        ,
Derek,1,SATURDAY SCHOOL (FULL DAY)                        ,
Diane,1,5 DAY LETTER                                      ,
Diane,1,ADMINISTRATIVE DETENTION                          ,
Diane,1,COUNSELING                                        ,
Diane,1,IN-SCHOOL SUSPENSION                              ,
Diane,1,JUVENILE OR COURT REFERRAL                        ,
Diane,1,SATURDAY SCHOOL (FULL DAY)                        ,
Dominik,1,5 DAY LETTER                                      ,
Dominik,1,ADMINISTRATIVE DETENTION                          ,
Dominik,1,COUNSELING                                        ,
Dominik,1,JUVENILE OR COURT REFERRAL                        ,
Dominik,1,SATURDAY SCHOOL (FULL DAY)                        ,
Don,1,5 DAY LETTER                                      ,
Don,2,ADMINISTRATIVE DETENTION                          ,
Don,1,COUNSELING                                        ,
Don,1,IN-SCHOOL SUSPENSION                              ,
Don,1,JUVENILE OR COURT REFERRAL                        ,
Don,1,SATURDAY SCHOOL (FULL DAY)                        ,
Douglas ,1,IN-SCHOOL SUSPENSION                              ,
Douglas ,1,SATURDAY SCHOOL (FULL DAY)                        ,
Ed,1,5 DAY LETTER                                      ,
Ed,1,ADMINISTRATIVE DETENTION                          ,
Ed,1,IN-SCHOOL SUSPENSION                              ,
Ed,1,JUVENILE OR COURT REFERRAL                        ,
Ed,1,SATURDAY SCHOOL (FULL DAY)                        ,
Edmund,1,5 DAY LETTER                                      ,
Edmund,1,JUVENILE OR COURT REFERRAL                        ,
Eduardo,1,COUNSELING                                        ,
Egil ,1,5 DAY LETTER                                      ,
Egil ,1,ADMINISTRATIVE DETENTION                          ,
Egil ,1,COUNSELING                                        ,
Eiji,1,5 DAY LETTER                                      ,
Eiji,1,ADMINISTRATIVE DETENTION                          ,
Eiji,1,IN-SCHOOL SUSPENSION                              ,
Eiji,1,JUVENILE OR COURT REFERRAL                        ,
Eiji,1,SATURDAY SCHOOL (FULL DAY)                        ,
Ekaterina,2,5 DAY LETTER                                      ,
Ekaterina,2,ADMINISTRATIVE DETENTION                          ,
Ekaterina,2,COUNSELING                                        ,
Ekaterina,2,IN-SCHOOL SUSPENSION                              ,
Ekaterina,2,JUVENILE OR COURT REFERRAL                        ,
Ekaterina,1,SATURDAY SCHOOL (FULL DAY)                        ,
Eli,1,5 DAY LETTER                                      ,
Eli,1,ADMINISTRATIVE DETENTION                          ,
Eli,1,JUVENILE OR COURT REFERRAL                        ,
Eric,1,5 DAY LETTER                                      ,
Eric,1,ADMINISTRATIVE DETENTION                          ,
Eric,1,COUNSELING                                        ,
Eric,2,IN-SCHOOL SUSPENSION                              ,
Eric,2,JUVENILE OR COURT REFERRAL                        ,
Eric,2,SATURDAY SCHOOL (FULL DAY)                        ,
Erik,1,5 DAY LETTER                                      ,
Erik,1,COUNSELING                                        ,
Erik,1,IN-SCHOOL SUSPENSION                              ,
Erik,1,JUVENILE OR COURT REFERRAL                        ,
Erik,1,SATURDAY SCHOOL (FULL DAY)                        ,
Erwin,1,5 DAY LETTER                                      ,
Erwin,1,JUVENILE OR COURT REFERRAL                        ,
Erwin,1,SATURDAY SCHOOL (FULL DAY)                        ,
Esko,1,5 DAY LETTER                                      ,
Esko,1,ADMINISTRATIVE DETENTION                          ,
Esko,1,COUNSELING                                        ,
Esko,1,IN-SCHOOL SUSPENSION                              ,
Esko,1,JUVENILE OR COURT REFERRAL                        ,
Esko,1,SATURDAY SCHOOL (FULL DAY)                        ,
Etienne ,2,5 DAY LETTER                                      ,
Etienne ,1,ADMINISTRATIVE DETENTION                          ,
Etienne ,1,COUNSELING                                        ,
Etienne ,1,IN-SCHOOL SUSPENSION                              ,
Etienne ,2,JUVENILE OR COURT REFERRAL                        ,
Etienne ,1,SATURDAY SCHOOL (FULL DAY)                        ,
Euan,1,5 DAY LETTER                                      ,
Euan,2,ADMINISTRATIVE DETENTION                          ,
Euan,1,COUNSELING                                        ,
Euan,1,IN-SCHOOL SUSPENSION                              ,
Euan,1,JUVENILE OR COURT REFERRAL                        ,
Euan,1,SATURDAY SCHOOL (FULL DAY)                        ,
Eugene,2,5 DAY LETTER                                      ,
Eugene,1,ADMINISTRATIVE DETENTION                          ,
Eugene,2,COUNSELING                                        ,
Eugene,1,IN-SCHOOL SUSPENSION                              ,
Eugene,2,JUVENILE OR COURT REFERRAL                        ,
Eugene,1,SATURDAY SCHOOL (FULL DAY)                        ,
Eva,2,5 DAY LETTER                                      ,
Eva,2,ADMINISTRATIVE DETENTION                          ,
Eva,2,COUNSELING                                        ,
Eva,3,IN-SCHOOL SUSPENSION                              ,
Eva,3,JUVENILE OR COURT REFERRAL                        ,
Eva,3,SATURDAY SCHOOL (FULL DAY)                        ,
Fabien,1,5 DAY LETTER                                      ,
Fabien,1,ADMINISTRATIVE DETENTION                          ,
Fabien,1,COUNSELING                                        ,
Fabien,1,IN-SCHOOL SUSPENSION                              ,
Fabien,1,SATURDAY SCHOOL (FULL DAY)                        ,
Francisco,1,5 DAY LETTER                                      ,
Francisco,1,ADMINISTRATIVE DETENTION                          ,
Francisco,1,COUNSELING                                        ,
Francisco,2,IN-SCHOOL SUSPENSION                              ,
Francisco,1,JUVENILE OR COURT REFERRAL                        ,
Francisco,1,SATURDAY SCHOOL (FULL DAY)                        ,
Franck,2,5 DAY LETTER                                      ,
Franck,2,ADMINISTRATIVE DETENTION                          ,
Franck,1,COUNSELING                                        ,
Franck,1,IN-SCHOOL SUSPENSION                              ,
Franck,2,JUVENILE OR COURT REFERRAL                        ,
Franck,1,SATURDAY SCHOOL (FULL DAY)                        ,
Frank,2,5 DAY LETTER                                      ,
Frank,1,ADMINISTRATIVE DETENTION                          ,
Frank,1,COUNSELING                                        ,
Frank,2,IN-SCHOOL SUSPENSION                              ,
Frank,2,JUVENILE OR COURT REFERRAL                        ,
Frank,2,SATURDAY SCHOOL (FULL DAY)                        ,
Frederic,1,5 DAY LETTER                                      ,
Frederic,1,ADMINISTRATIVE DETENTION                          ,
Frederic,1,COUNSELING                                        ,
Frederic,2,IN-SCHOOL SUSPENSION                              ,
Frederic,1,JUVENILE OR COURT REFERRAL                        ,
Frederic,2,SATURDAY SCHOOL (FULL DAY)                        ,
Gail ,1,5 DAY LETTER                                      ,
Gail ,2,ADMINISTRATIVE DETENTION                          ,
Gail ,2,COUNSELING                                        ,
Gail ,2,IN-SCHOOL SUSPENSION                              ,
Gail ,1,JUVENILE OR COURT REFERRAL                        ,
Gail ,1,SATURDAY SCHOOL (FULL DAY)                        ,
Garth,1,ADMINISTRATIVE DETENTION                          ,
Gary,3,5 DAY LETTER                                      ,
Gary ,2,ADMINISTRATIVE DETENTION                          ,
Gary,2,COUNSELING                                        ,
Gary ,3,IN-SCHOOL SUSPENSION                              ,
Gary,3,JUVENILE OR COURT REFERRAL                        ,
Gary ,3,SATURDAY SCHOOL (FULL DAY)                        ,
Geert,1,COUNSELING                                        ,
Geert,1,IN-SCHOOL SUSPENSION                              ,
George ,1,5 DAY LETTER                                      ,
George ,1,ADMINISTRATIVE DETENTION                          ,
George ,1,COUNSELING                                        ,
George ,1,IN-SCHOOL SUSPENSION                              ,
George ,2,JUVENILE OR COURT REFERRAL                        ,
George ,1,SATURDAY SCHOOL (FULL DAY)                        ,
Gerrit ,1,5 DAY LETTER                                      ,
Gerrit ,1,ADMINISTRATIVE DETENTION                          ,
Gerrit ,1,COUNSELING                                        ,
Gerrit ,2,IN-SCHOOL SUSPENSION                              ,
Gerrit ,1,JUVENILE OR COURT REFERRAL                        ,
Gerrit ,2,SATURDAY SCHOOL (FULL DAY)                        ,
Gitte,2,5 DAY LETTER                                      ,
Gitte,2,ADMINISTRATIVE DETENTION                          ,
Gitte,2,COUNSELING                                        ,
Gitte,1,IN-SCHOOL SUSPENSION                              ,
Gitte,1,JUVENILE OR COURT REFERRAL                        ,
Gitte,1,SATURDAY SCHOOL (FULL DAY)                        ,
Greg,1,5 DAY LETTER                                      ,
Greg,1,ADMINISTRATIVE DETENTION                          ,
Greg,1,COUNSELING                                        ,
Greg,2,IN-SCHOOL SUSPENSION                              ,
Greg,1,JUVENILE OR COURT REFERRAL                        ,
Greg,2,SATURDAY SCHOOL (FULL DAY)                        ,
Gregory,1,IN-SCHOOL SUSPENSION                              ,
Gregory,1,JUVENILE OR COURT REFERRAL                        ,
Gregory,1,SATURDAY SCHOOL (FULL DAY)                        ,
Hany,1,5 DAY LETTER                                      ,
Hany,1,ADMINISTRATIVE DETENTION                          ,
Hany,1,COUNSELING                                        ,
Hany,2,IN-SCHOOL SUSPENSION                              ,
Hany,2,JUVENILE OR COURT REFERRAL                        ,
Hany,2,SATURDAY SCHOOL (FULL DAY)                        ,
Hatim,1,ADMINISTRATIVE DETENTION                          ,
Hatim,1,COUNSELING                                        ,
Hatim,1,IN-SCHOOL SUSPENSION                              ,
Heidi,2,5 DAY LETTER                                      ,
Heidi,2,ADMINISTRATIVE DETENTION                          ,
Heidi,2,COUNSELING                                        ,
Heidi,1,IN-SCHOOL SUSPENSION                              ,
Heidi,1,JUVENILE OR COURT REFERRAL                        ,
Heidi,1,SATURDAY SCHOOL (FULL DAY)                        ,
Heinrich,1,5 DAY LETTER                                      ,
Hemant,1,5 DAY LETTER                                      ,
Hemant,1,ADMINISTRATIVE DETENTION                          ,
Hemant,1,COUNSELING                                        ,
Hemant,1,IN-SCHOOL SUSPENSION                              ,
Hemant,2,JUVENILE OR COURT REFERRAL                        ,
Hemant,2,SATURDAY SCHOOL (FULL DAY)                        ,
Henriette ,1,5 DAY LETTER                                      ,
Henriette ,1,ADMINISTRATIVE DETENTION                          ,
Henriette ,1,IN-SCHOOL SUSPENSION                              ,
Henriette ,1,JUVENILE OR COURT REFERRAL                        ,
Henriette ,1,SATURDAY SCHOOL (FULL DAY)                        ,
Henrik,1,5 DAY LETTER                                      ,
Henrik,1,ADMINISTRATIVE DETENTION                          ,
Henrik,1,COUNSELING                                        ,
Henrik,1,IN-SCHOOL SUSPENSION                              ,
Henrik,1,SATURDAY SCHOOL (FULL DAY)                        ,
Hideatsu,1,ADMINISTRATIVE DETENTION                          ,
Hideatsu,1,COUNSELING                                        ,
Hideatsu,1,IN-SCHOOL SUSPENSION                              ,
Howard,1,SATURDAY SCHOOL (FULL DAY)                        ,
Iben,1,5 DAY LETTER                                      ,
Iben,1,ADMINISTRATIVE DETENTION                          ,
Iben,1,COUNSELING                                        ,
Iben,1,IN-SCHOOL SUSPENSION                              ,
Iben,1,JUVENILE OR COURT REFERRAL                        ,
Iben,1,SATURDAY SCHOOL (FULL DAY)                        ,
Ioan,1,IN-SCHOOL SUSPENSION                              ,
Ioan,1,JUVENILE OR COURT REFERRAL                        ,
Ioan,1,SATURDAY SCHOOL (FULL DAY)                        ,
Irene,1,5 DAY LETTER                                      ,
Irene,1,ADMINISTRATIVE DETENTION                          ,
Irene,1,COUNSELING                                        ,
Isabelle,1,5 DAY LETTER                                      ,
Isabelle,1,ADMINISTRATIVE DETENTION                          ,
Isabelle,1,COUNSELING                                        ,
Isabelle,1,IN-SCHOOL SUSPENSION                              ,
Isabelle,1,JUVENILE OR COURT REFERRAL                        ,
Isabelle,1,SATURDAY SCHOOL (FULL DAY)                        ,
Ivan,1,COUNSELING                                        ,
J?zsef,1,IN-SCHOOL SUSPENSION                              ,
Jacky,1,COUNSELING                                        ,
Jacky,1,IN-SCHOOL SUSPENSION                              ,
Jacky,1,SATURDAY SCHOOL (FULL DAY)                        ,
Jae ,1,ADMINISTRATIVE DETENTION                          ,
Jae ,1,COUNSELING                                        ,
Jae ,1,IN-SCHOOL SUSPENSION                              ,
Jae ,1,JUVENILE OR COURT REFERRAL                        ,
Jae ,1,SATURDAY SCHOOL (FULL DAY)                        ,
James,1,5 DAY LETTER                                      ,
James,1,ADMINISTRATIVE DETENTION                          ,
James,2,COUNSELING                                        ,
James,2,IN-SCHOOL SUSPENSION                              ,
James,1,JUVENILE OR COURT REFERRAL                        ,
James,1,SATURDAY SCHOOL (FULL DAY)                        ,
Jamie,2,5 DAY LETTER                                      ,
Jamie,1,ADMINISTRATIVE DETENTION                          ,
Jamie,1,COUNSELING                                        ,
Jamie,1,IN-SCHOOL SUSPENSION                              ,
Jamie,1,JUVENILE OR COURT REFERRAL                        ,
Jamie,2,SATURDAY SCHOOL (FULL DAY)                        ,
Jan,1,5 DAY LETTER                                      ,
Jan,1,ADMINISTRATIVE DETENTION                          ,
Jan,1,COUNSELING                                        ,
Jan,2,IN-SCHOOL SUSPENSION                              ,
Jan,1,JUVENILE OR COURT REFERRAL                        ,
Jan,2,SATURDAY SCHOOL (FULL DAY)                        ,
Jane,1,5 DAY LETTER                                      ,
Jane,1,JUVENILE OR COURT REFERRAL                        ,
Jane,1,SATURDAY SCHOOL (FULL DAY)                        ,
Janet,1,5 DAY LETTER                                      ,
Janet,1,ADMINISTRATIVE DETENTION                          ,
Janet,1,COUNSELING                                        ,
Janet,1,IN-SCHOOL SUSPENSION                              ,
Janet,1,JUVENILE OR COURT REFERRAL                        ,
Janet,1,SATURDAY SCHOOL (FULL DAY)                        ,
Janusz,1,5 DAY LETTER                                      ,
Janusz,1,ADMINISTRATIVE DETENTION                          ,
Janusz,1,COUNSELING                                        ,
Janusz,1,JUVENILE OR COURT REFERRAL                        ,
Janusz,1,SATURDAY SCHOOL (FULL DAY)                        ,
Jean ,1,SATURDAY SCHOOL (FULL DAY)                        ,
Jeff,4,5 DAY LETTER                                      ,
Jeff,4,ADMINISTRATIVE DETENTION                          ,
Jeff,5,COUNSELING                                        ,
Jeff,6,IN-SCHOOL SUSPENSION                              ,
Jeff,3,JUVENILE OR COURT REFERRAL                        ,
Jeff,3,SATURDAY SCHOOL (FULL DAY)                        ,
Jeffrey,1,5 DAY LETTER                                      ,
Jeffrey,1,ADMINISTRATIVE DETENTION                          ,
Jeffrey,1,JUVENILE OR COURT REFERRAL                        ,
Jenny,2,5 DAY LETTER                                      ,
Jenny,2,ADMINISTRATIVE DETENTION                          ,
Jenny,2,COUNSELING                                        ,
Jenny,1,IN-SCHOOL SUSPENSION                              ,
Jenny,1,JUVENILE OR COURT REFERRAL                        ,
Jenny,1,SATURDAY SCHOOL (FULL DAY)                        ,
Jeroen,1,5 DAY LETTER                                      ,
Jeroen,1,ADMINISTRATIVE DETENTION                          ,
Jeroen,1,COUNSELING                                        ,
Jeroen,1,IN-SCHOOL SUSPENSION                              ,
Jeroen,1,SATURDAY SCHOOL (FULL DAY)                        ,
Jerry,1,5 DAY LETTER                                      ,
Jesse,1,5 DAY LETTER                                      ,
Jesse,1,ADMINISTRATIVE DETENTION                          ,
Jesse,1,COUNSELING                                        ,
Jesse,2,IN-SCHOOL SUSPENSION                              ,
Jesse,1,JUVENILE OR COURT REFERRAL                        ,
Jesse,1,SATURDAY SCHOOL (FULL DAY)                        ,
Jim,5,5 DAY LETTER                                      ,
Jim,5,ADMINISTRATIVE DETENTION                          ,
Jim,4,COUNSELING                                        ,
Jim,3,IN-SCHOOL SUSPENSION                              ,
Jim,3,JUVENILE OR COURT REFERRAL                        ,
Jim,3,SATURDAY SCHOOL (FULL DAY)                        ,
Joe,2,5 DAY LETTER                                      ,
Joe,2,ADMINISTRATIVE DETENTION                          ,
Joe,1,COUNSELING                                        ,
Joe,1,IN-SCHOOL SUSPENSION                              ,
Joe,1,JUVENILE OR COURT REFERRAL                        ,
Joe,1,SATURDAY SCHOOL (FULL DAY)                        ,
Joel,1,IN-SCHOOL SUSPENSION                              ,
Joel,1,SATURDAY SCHOOL (FULL DAY)                        ,
Johan,1,5 DAY LETTER                                      ,
Johan,2,ADMINISTRATIVE DETENTION                          ,
Johan,2,COUNSELING                                        ,
Johan,1,IN-SCHOOL SUSPENSION                              ,
Johan,1,JUVENILE OR COURT REFERRAL                        ,
Johan,1,SATURDAY SCHOOL (FULL DAY)                        ,
John,2,5 DAY LETTER                                      ,
John,3,ADMINISTRATIVE DETENTION                          ,
John,4,COUNSELING                                        ,
John,3,IN-SCHOOL SUSPENSION                              ,
John,1,JUVENILE OR COURT REFERRAL                        ,
John,1,SATURDAY SCHOOL (FULL DAY)                        ,
Johnson,1,5 DAY LETTER                                      ,
Johnson,1,ADMINISTRATIVE DETENTION                          ,
Johnson,2,COUNSELING                                        ,
Johnson,1,IN-SCHOOL SUSPENSION                              ,
Johnson,1,JUVENILE OR COURT REFERRAL                        ,
Johnson,1,SATURDAY SCHOOL (FULL DAY)                        ,
Jon,2,5 DAY LETTER                                      ,
Jon,2,ADMINISTRATIVE DETENTION                          ,
Jon,2,COUNSELING                                        ,
Jon,1,IN-SCHOOL SUSPENSION                              ,
Jon,1,JUVENILE OR COURT REFERRAL                        ,
Jon,1,SATURDAY SCHOOL (FULL DAY)                        ,
Jossef,1,5 DAY LETTER                                      ,
Jossef,1,ADMINISTRATIVE DETENTION                          ,
Jossef,1,COUNSELING                                        ,
Jos?,1,5 DAY LETTER                                      ,
Jos?,1,ADMINISTRATIVE DETENTION                          ,
Jos?,1,JUVENILE OR COURT REFERRAL                        ,
Jos?,1,SATURDAY SCHOOL (FULL DAY)                        ,
Julian,1,SATURDAY SCHOOL (FULL DAY)                        ,
Karel,1,5 DAY LETTER                                      ,
Karel,1,ADMINISTRATIVE DETENTION                          ,
Karel,1,COUNSELING                                        ,
Karen,1,5 DAY LETTER                                      ,
Karen,1,COUNSELING                                        ,
Karen,1,IN-SCHOOL SUSPENSION                              ,
Karen,1,SATURDAY SCHOOL (FULL DAY)                        ,
Kari,1,5 DAY LETTER                                      ,
Kari,1,COUNSELING                                        ,
Kari,1,IN-SCHOOL SUSPENSION                              ,
Kari,1,JUVENILE OR COURT REFERRAL                        ,
Kari,1,SATURDAY SCHOOL (FULL DAY)                        ,
Karin,1,JUVENILE OR COURT REFERRAL                        ,
Karolina,1,5 DAY LETTER                                      ,
Karolina,2,ADMINISTRATIVE DETENTION                          ,
Karolina,2,COUNSELING                                        ,
Karolina,2,IN-SCHOOL SUSPENSION                              ,
Karolina,1,JUVENILE OR COURT REFERRAL                        ,
Karolina,1,SATURDAY SCHOOL (FULL DAY)                        ,
KC,1,5 DAY LETTER                                      ,
KC,1,ADMINISTRATIVE DETENTION                          ,
KC,1,COUNSELING                                        ,
KC,1,IN-SCHOOL SUSPENSION                              ,
Kelly,1,ADMINISTRATIVE DETENTION                          ,
Ken,1,5 DAY LETTER                                      ,
Ken,1,ADMINISTRATIVE DETENTION                          ,
Ken,1,COUNSELING                                        ,
Ken,2,IN-SCHOOL SUSPENSION                              ,
Ken,1,JUVENILE OR COURT REFERRAL                        ,
Ken,1,SATURDAY SCHOOL (FULL DAY)                        ,
Kevin,1,5 DAY LETTER                                      ,
Kevin,2,ADMINISTRATIVE DETENTION                          ,
Kevin,2,COUNSELING                                        ,
Kevin,1,IN-SCHOOL SUSPENSION                              ,
Kevin,1,JUVENILE OR COURT REFERRAL                        ,
Kevin,1,SATURDAY SCHOOL (FULL DAY)                        ,
Kim,2,5 DAY LETTER                                      ,
Kim,2,ADMINISTRATIVE DETENTION                          ,
Kim,2,COUNSELING                                        ,
Kim,1,IN-SCHOOL SUSPENSION                              ,
Kim,1,JUVENILE OR COURT REFERRAL                        ,
Kim,1,SATURDAY SCHOOL (FULL DAY)                        ,
Kirk ,1,5 DAY LETTER                                      ,
Kirk ,1,ADMINISTRATIVE DETENTION                          ,
Kirk ,1,COUNSELING                                        ,
Kirk ,1,IN-SCHOOL SUSPENSION                              ,
Kirk ,2,JUVENILE OR COURT REFERRAL                        ,
Kirk ,1,SATURDAY SCHOOL (FULL DAY)                        ,
Krittiya,1,5 DAY LETTER                                      ,
Krittiya,1,ADMINISTRATIVE DETENTION                          ,
Krittiya,1,COUNSELING                                        ,
Krittiya,1,JUVENILE OR COURT REFERRAL                        ,
Krzysztof,1,5 DAY LETTER                                      ,
Krzysztof,1,ADMINISTRATIVE DETENTION                          ,
Krzysztof,1,COUNSELING                                        ,
Krzysztof,2,IN-SCHOOL SUSPENSION                              ,
Krzysztof,2,JUVENILE OR COURT REFERRAL                        ,
Krzysztof,2,SATURDAY SCHOOL (FULL DAY)                        ,
Kyryl,1,5 DAY LETTER                                      ,
Kyryl,1,JUVENILE OR COURT REFERRAL                        ,
Kyryl,1,SATURDAY SCHOOL (FULL DAY)                        ,
Lars,1,5 DAY LETTER                                      ,
Lars,1,ADMINISTRATIVE DETENTION                          ,
Lars,1,JUVENILE OR COURT REFERRAL                        ,
Lee ,2,5 DAY LETTER                                      ,
Lee ,1,ADMINISTRATIVE DETENTION                          ,
Lee ,1,COUNSELING                                        ,
Lee ,1,IN-SCHOOL SUSPENSION                              ,
Lee ,2,JUVENILE OR COURT REFERRAL                        ,
Lee ,1,SATURDAY SCHOOL (FULL DAY)                        ,
Leonids,1,5 DAY LETTER                                      ,
Leonids,1,ADMINISTRATIVE DETENTION                          ,
Leonids,1,IN-SCHOOL SUSPENSION                              ,
Leonids,1,JUVENILE OR COURT REFERRAL                        ,
Leonids,1,SATURDAY SCHOOL (FULL DAY)                        ,
Leonor,1,5 DAY LETTER                                      ,
Leonor,1,IN-SCHOOL SUSPENSION                              ,
Leonor,1,JUVENILE OR COURT REFERRAL                        ,
Leonor,1,SATURDAY SCHOOL (FULL DAY)                        ,
Lertchai,1,5 DAY LETTER                                      ,
Lertchai,1,ADMINISTRATIVE DETENTION                          ,
Lertchai,1,JUVENILE OR COURT REFERRAL                        ,
Liana ,1,COUNSELING                                        ,
Liana ,1,IN-SCHOOL SUSPENSION                              ,
Liana ,1,JUVENILE OR COURT REFERRAL                        ,
Liana ,1,SATURDAY SCHOOL (FULL DAY)                        ,
Liberty,1,ADMINISTRATIVE DETENTION                          ,
Liberty,1,COUNSELING                                        ,
Limor,1,5 DAY LETTER                                      ,
Limor,1,ADMINISTRATIVE DETENTION                          ,
Limor,1,COUNSELING                                        ,
Limor,1,IN-SCHOOL SUSPENSION                              ,
Limor,2,JUVENILE OR COURT REFERRAL                        ,
Limor,2,SATURDAY SCHOOL (FULL DAY)                        ,
Lionel,1,ADMINISTRATIVE DETENTION                          ,
Lionel,1,COUNSELING                                        ,
Lorrin ,1,IN-SCHOOL SUSPENSION                              ,
Lubor,2,5 DAY LETTER                                      ,
Lubor,2,ADMINISTRATIVE DETENTION                          ,
Lubor,1,COUNSELING                                        ,
Lubor,1,IN-SCHOOL SUSPENSION                              ,
Lubor,1,JUVENILE OR COURT REFERRAL                        ,
Lubor,1,SATURDAY SCHOOL (FULL DAY)                        ,
Luis,1,SATURDAY SCHOOL (FULL DAY)                        ,
Luisa,1,5 DAY LETTER                                      ,
Luisa,1,ADMINISTRATIVE DETENTION                          ,
Luisa,1,COUNSELING                                        ,
Luisa,1,JUVENILE OR COURT REFERRAL                        ,
Luisa,1,SATURDAY SCHOOL (FULL DAY)                        ,
Lukas,1,5 DAY LETTER                                      ,
Lukas,1,ADMINISTRATIVE DETENTION                          ,
Lukas,1,COUNSELING                                        ,
Lukas,1,JUVENILE OR COURT REFERRAL                        ,
Lukas,1,SATURDAY SCHOOL (FULL DAY)                        ,
Magdalena,1,5 DAY LETTER                                      ,
Magdalena,1,ADMINISTRATIVE DETENTION                          ,
Magdalena,1,COUNSELING                                        ,
Magdalena,1,IN-SCHOOL SUSPENSION                              ,
Magdalena,1,JUVENILE OR COURT REFERRAL                        ,
Magdalena,2,SATURDAY SCHOOL (FULL DAY)                        ,
Makoto,1,5 DAY LETTER                                      ,
Makoto,1,ADMINISTRATIVE DETENTION                          ,
Makoto,1,COUNSELING                                        ,
Makoto,1,IN-SCHOOL SUSPENSION                              ,
Makoto,1,JUVENILE OR COURT REFERRAL                        ,
Makoto,1,SATURDAY SCHOOL (FULL DAY)                        ,
Manoj,1,IN-SCHOOL SUSPENSION                              ,
Manoj,1,SATURDAY SCHOOL (FULL DAY)                        ,
Marcel,2,5 DAY LETTER                                      ,
Marcel,2,ADMINISTRATIVE DETENTION                          ,
Marcel,2,COUNSELING                                        ,
Marcel,2,IN-SCHOOL SUSPENSION                              ,
Marcel,2,JUVENILE OR COURT REFERRAL                        ,
Marcel,1,SATURDAY SCHOOL (FULL DAY)                        ,
Maria,1,5 DAY LETTER                                      ,
Maria,1,ADMINISTRATIVE DETENTION                          ,
Maria,1,JUVENILE OR COURT REFERRAL                        ,
Mark,1,COUNSELING                                        ,
Mark,1,IN-SCHOOL SUSPENSION                              ,
Marketa,1,COUNSELING                                        ,
Marketa,1,IN-SCHOOL SUSPENSION                              ,
Marketa,1,SATURDAY SCHOOL (FULL DAY)                        ,
Martin,1,5 DAY LETTER                                      ,
Martin,1,ADMINISTRATIVE DETENTION                          ,
Martin,1,COUNSELING                                        ,
Martin,1,IN-SCHOOL SUSPENSION                              ,
Martin,2,JUVENILE OR COURT REFERRAL                        ,
Martin,2,SATURDAY SCHOOL (FULL DAY)                        ,
Matej,1,JUVENILE OR COURT REFERRAL                        ,
Matej,1,SATURDAY SCHOOL (FULL DAY)                        ,
Michael,6,5 DAY LETTER                                      ,
Michael,9,ADMINISTRATIVE DETENTION                          ,
Michael,7,COUNSELING                                        ,
Michael,6,IN-SCHOOL SUSPENSION                              ,
Michael,8,JUVENILE OR COURT REFERRAL                        ,
Michael,6,SATURDAY SCHOOL (FULL DAY)                        ,
Miguel,1,5 DAY LETTER                                      ,
Miguel,2,ADMINISTRATIVE DETENTION                          ,
Miguel,2,COUNSELING                                        ,
Miguel,1,IN-SCHOOL SUSPENSION                              ,
Miguel,1,JUVENILE OR COURT REFERRAL                        ,
Miguel,1,SATURDAY SCHOOL (FULL DAY)                        ,
Mihail,2,5 DAY LETTER                                      ,
Mihail,1,ADMINISTRATIVE DETENTION                          ,
Mihail,1,COUNSELING                                        ,
Mihail,1,IN-SCHOOL SUSPENSION                              ,
Mihail,2,JUVENILE OR COURT REFERRAL                        ,
Mihail,2,SATURDAY SCHOOL (FULL DAY)                        ,
Mike,3,5 DAY LETTER                                      ,
Mike,3,ADMINISTRATIVE DETENTION                          ,
Mike,2,COUNSELING                                        ,
Mike,3,IN-SCHOOL SUSPENSION                              ,
Mike,3,JUVENILE OR COURT REFERRAL                        ,
Mike,3,SATURDAY SCHOOL (FULL DAY)                        ,
Ming-Yang,1,5 DAY LETTER                                      ,
Ming-Yang,1,JUVENILE OR COURT REFERRAL                        ,
Ming-Yang,1,SATURDAY SCHOOL (FULL DAY)                        ,
Modesto,1,IN-SCHOOL SUSPENSION                              ,
Mojca,1,5 DAY LETTER                                      ,
Mojca,1,ADMINISTRATIVE DETENTION                          ,
Mojca,1,COUNSELING                                        ,
Mojca,1,IN-SCHOOL SUSPENSION                              ,
Mojca,2,JUVENILE OR COURT REFERRAL                        ,
Mojca,2,SATURDAY SCHOOL (FULL DAY)                        ,
Mu,2,5 DAY LETTER                                      ,
Mu,2,ADMINISTRATIVE DETENTION                          ,
Mu,2,COUNSELING                                        ,
Mu,1,IN-SCHOOL SUSPENSION                              ,
Mu,2,JUVENILE OR COURT REFERRAL                        ,
Mu,1,SATURDAY SCHOOL (FULL DAY)                        ,
Mukesh,1,JUVENILE OR COURT REFERRAL                        ,
Nick,1,COUNSELING                                        ,
Nick,1,IN-SCHOOL SUSPENSION                              ,
Nikolay,1,5 DAY LETTER                                      ,
Nikolay,1,ADMINISTRATIVE DETENTION                          ,
Nikolay,1,COUNSELING                                        ,
Nikolay,2,IN-SCHOOL SUSPENSION                              ,
Nikolay,1,JUVENILE OR COURT REFERRAL                        ,
Nikolay,1,SATURDAY SCHOOL (FULL DAY)                        ,
Nina,1,COUNSELING                                        ,
Nina,1,IN-SCHOOL SUSPENSION                              ,
Nina,1,JUVENILE OR COURT REFERRAL                        ,
Nina,1,SATURDAY SCHOOL (FULL DAY)                        ,
Nis ,1,5 DAY LETTER                                      ,
Nis ,1,ADMINISTRATIVE DETENTION                          ,
Nis ,1,COUNSELING                                        ,
Nis ,2,IN-SCHOOL SUSPENSION                              ,
Nis ,1,JUVENILE OR COURT REFERRAL                        ,
Nis ,2,SATURDAY SCHOOL (FULL DAY)                        ,
Norimichi,1,5 DAY LETTER                                      ,
Norimichi,2,ADMINISTRATIVE DETENTION                          ,
Norimichi,1,COUNSELING                                        ,
Norimichi,1,IN-SCHOOL SUSPENSION                              ,
Norimichi,1,JUVENILE OR COURT REFERRAL                        ,
Norimichi,1,SATURDAY SCHOOL (FULL DAY)                        ,
Nurhan,1,5 DAY LETTER                                      ,
Nurhan,1,ADMINISTRATIVE DETENTION                          ,
Nurhan,1,COUNSELING                                        ,
Nurhan,1,IN-SCHOOL SUSPENSION                              ,
Nurhan,1,SATURDAY SCHOOL (FULL DAY)                        ,
Olivier,1,5 DAY LETTER                                      ,
Olivier,1,COUNSELING                                        ,
Olivier,1,IN-SCHOOL SUSPENSION                              ,
Olivier,1,JUVENILE OR COURT REFERRAL                        ,
Olivier,1,SATURDAY SCHOOL (FULL DAY)                        ,
Osama,2,5 DAY LETTER                                      ,
Osama,1,ADMINISTRATIVE DETENTION                          ,
Osama,1,COUNSELING                                        ,
Osama,1,IN-SCHOOL SUSPENSION                              ,
Osama,1,JUVENILE OR COURT REFERRAL                        ,
Osama,1,SATURDAY SCHOOL (FULL DAY)                        ,
Pat,1,ADMINISTRATIVE DETENTION                          ,
Pat,1,COUNSELING                                        ,
Pat,1,IN-SCHOOL SUSPENSION                              ,
Pat,1,SATURDAY SCHOOL (FULL DAY)                        ,
Patrick,1,COUNSELING                                        ,
Paul,1,5 DAY LETTER                                      ,
Paul,1,JUVENILE OR COURT REFERRAL                        ,
Paulo,1,5 DAY LETTER                                      ,
Paulo,2,ADMINISTRATIVE DETENTION                          ,
Paulo,1,COUNSELING                                        ,
Paulo,1,IN-SCHOOL SUSPENSION                              ,
Paulo,1,JUVENILE OR COURT REFERRAL                        ,
Paulo,1,SATURDAY SCHOOL (FULL DAY)                        ,
Pavel,1,5 DAY LETTER                                      ,
Pavel,1,ADMINISTRATIVE DETENTION                          ,
Pavel,1,COUNSELING                                        ,
Pavel,1,IN-SCHOOL SUSPENSION                              ,
Pavel,1,JUVENILE OR COURT REFERRAL                        ,
Pawel,1,5 DAY LETTER                                      ,
Pawel,1,ADMINISTRATIVE DETENTION                          ,
Pawel,1,COUNSELING                                        ,
Pedro,4,5 DAY LETTER                                      ,
Pedro,3,ADMINISTRATIVE DETENTION                          ,
Pedro,2,COUNSELING                                        ,
Pedro,2,IN-SCHOOL SUSPENSION                              ,
Pedro,4,JUVENILE OR COURT REFERRAL                        ,
Pedro ,3,SATURDAY SCHOOL (FULL DAY)                        ,
Peter,1,5 DAY LETTER                                      ,
Peter,2,ADMINISTRATIVE DETENTION                          ,
Peter,2,COUNSELING                                        ,
Peter,1,IN-SCHOOL SUSPENSION                              ,
Peter,1,JUVENILE OR COURT REFERRAL                        ,
Peter,1,SATURDAY SCHOOL (FULL DAY)                        ,
Phil,1,5 DAY LETTER                                      ,
Phil,1,ADMINISTRATIVE DETENTION                          ,
Phil,2,COUNSELING                                        ,
Phil,2,IN-SCHOOL SUSPENSION                              ,
Phil,2,JUVENILE OR COURT REFERRAL                        ,
Phil,2,SATURDAY SCHOOL (FULL DAY)                        ,
Phyllis,1,5 DAY LETTER                                      ,
Phyllis,1,ADMINISTRATIVE DETENTION                          ,
Phyllis,1,COUNSELING                                        ,
Phyllis,2,IN-SCHOOL SUSPENSION                              ,
Phyllis,1,JUVENILE OR COURT REFERRAL                        ,
Phyllis,2,SATURDAY SCHOOL (FULL DAY)                        ,
Pierangela,1,COUNSELING                                        ,
Pilar,3,5 DAY LETTER                                      ,
Pilar,4,ADMINISTRATIVE DETENTION                          ,
Pilar,3,COUNSELING                                        ,
Pilar,3,IN-SCHOOL SUSPENSION                              ,
Pilar,2,JUVENILE OR COURT REFERRAL                        ,
Pilar,2,SATURDAY SCHOOL (FULL DAY)                        ,
Pooja,1,5 DAY LETTER                                      ,
Pooja,1,ADMINISTRATIVE DETENTION                          ,
Pooja,1,COUNSELING                                        ,
Prashanth,1,5 DAY LETTER                                      ,
Prashanth,1,ADMINISTRATIVE DETENTION                          ,
Prashanth,2,COUNSELING                                        ,
Prashanth,2,IN-SCHOOL SUSPENSION                              ,
Prashanth,1,JUVENILE OR COURT REFERRAL                        ,
Prashanth,1,SATURDAY SCHOOL (FULL DAY)                        ,
Preeda,1,COUNSELING                                        ,
Preeda,1,IN-SCHOOL SUSPENSION                              ,
Preeda,1,JUVENILE OR COURT REFERRAL                        ,
Preeda,1,SATURDAY SCHOOL (FULL DAY)                        ,
P?ter,1,5 DAY LETTER                                      ,
P?ter,1,ADMINISTRATIVE DETENTION                          ,
P?ter,1,COUNSELING                                        ,
P?ter,1,IN-SCHOOL SUSPENSION                              ,
P?ter,1,JUVENILE OR COURT REFERRAL                        ,
P?ter,1,SATURDAY SCHOOL (FULL DAY)                        ,
Rados?aw,1,COUNSELING                                        ,
Raffaella,1,5 DAY LETTER                                      ,
Raffaella,1,ADMINISTRATIVE DETENTION                          ,
Raffaella,1,COUNSELING                                        ,
Rakesh,1,5 DAY LETTER                                      ,
Rakesh,1,ADMINISTRATIVE DETENTION                          ,
Ram,1,5 DAY LETTER                                      ,
Ram,1,ADMINISTRATIVE DETENTION                          ,
Ram,1,IN-SCHOOL SUSPENSION                              ,
Ram,1,JUVENILE OR COURT REFERRAL                        ,
Ram,1,SATURDAY SCHOOL (FULL DAY)                        ,
Raman,1,5 DAY LETTER                                      ,
Raman,1,ADMINISTRATIVE DETENTION                          ,
Raman,2,COUNSELING                                        ,
Raman,1,IN-SCHOOL SUSPENSION                              ,
Raman,1,JUVENILE OR COURT REFERRAL                        ,
Raman,1,SATURDAY SCHOOL (FULL DAY)                        ,
Ray,2,5 DAY LETTER                                      ,
Ray,1,ADMINISTRATIVE DETENTION                          ,
Ray,1,COUNSELING                                        ,
Ray,1,IN-SCHOOL SUSPENSION                              ,
Ray,2,JUVENILE OR COURT REFERRAL                        ,
Ray,2,SATURDAY SCHOOL (FULL DAY)                        ,
Raymond,1,ADMINISTRATIVE DETENTION                          ,
Raymond,1,COUNSELING                                        ,
Raymond,1,IN-SCHOOL SUSPENSION                              ,
Raymond,1,SATURDAY SCHOOL (FULL DAY)                        ,
Reed,1,ADMINISTRATIVE DETENTION                          ,
Reina,1,5 DAY LETTER                                      ,
Reina,1,ADMINISTRATIVE DETENTION                          ,
Reina,1,COUNSELING                                        ,
Reina,1,IN-SCHOOL SUSPENSION                              ,
Reina,2,JUVENILE OR COURT REFERRAL                        ,
Reina,2,SATURDAY SCHOOL (FULL DAY)                        ,
Ren?,1,COUNSELING                                        ,
Ren?,1,IN-SCHOOL SUSPENSION                              ,
Reto,1,5 DAY LETTER                                      ,
Reto,1,ADMINISTRATIVE DETENTION                          ,
Reto,1,COUNSELING                                        ,
Reto,2,IN-SCHOOL SUSPENSION                              ,
Reto,1,JUVENILE OR COURT REFERRAL                        ,
Reto,1,SATURDAY SCHOOL (FULL DAY)                        ,
Rhae-Christie,1,5 DAY LETTER                                      ,
Rhae-Christie,1,ADMINISTRATIVE DETENTION                          ,
Rhae-Christie,1,COUNSELING                                        ,
Rhae-Christie,1,IN-SCHOOL SUSPENSION                              ,
Rhae-Christie,1,JUVENILE OR COURT REFERRAL                        ,
Rhae-Christie,2,SATURDAY SCHOOL (FULL DAY)                        ,
Richard,1,5 DAY LETTER                                      ,
Richard,1,ADMINISTRATIVE DETENTION                          ,
Richard,2,COUNSELING                                        ,
Richard,1,IN-SCHOOL SUSPENSION                              ,
Richard,2,JUVENILE OR COURT REFERRAL                        ,
Richard,1,SATURDAY SCHOOL (FULL DAY)                        ,
Rimvydas,1,5 DAY LETTER                                      ,
Rob,1,5 DAY LETTER                                      ,
Rob,1,IN-SCHOOL SUSPENSION                              ,
Rob,1,JUVENILE OR COURT REFERRAL                        ,
Robin,1,5 DAY LETTER                                      ,
Robin,2,ADMINISTRATIVE DETENTION                          ,
Robin,2,COUNSELING                                        ,
Robin,1,IN-SCHOOL SUSPENSION                              ,
Robin,1,JUVENILE OR COURT REFERRAL                        ,
Robin,1,SATURDAY SCHOOL (FULL DAY)                        ,
Roland,2,5 DAY LETTER                                      ,
Roland,3,ADMINISTRATIVE DETENTION                          ,
Roland,2,COUNSELING                                        ,
Roland,2,IN-SCHOOL SUSPENSION                              ,
Roland,1,JUVENILE OR COURT REFERRAL                        ,
Roland,2,SATURDAY SCHOOL (FULL DAY)                        ,
Roman,2,5 DAY LETTER                                      ,
Roman,1,ADMINISTRATIVE DETENTION                          ,
Roman,1,COUNSELING                                        ,
Roman,2,IN-SCHOOL SUSPENSION                              ,
Roman,2,JUVENILE OR COURT REFERRAL                        ,
Roman,2,SATURDAY SCHOOL (FULL DAY)                        ,
Roya,1,IN-SCHOOL SUSPENSION                              ,
Rui,1,5 DAY LETTER                                      ,
Rui,2,ADMINISTRATIVE DETENTION                          ,
Rui,2,COUNSELING                                        ,
Rui,1,IN-SCHOOL SUSPENSION                              ,
Rui,1,JUVENILE OR COURT REFERRAL                        ,
Rui,1,SATURDAY SCHOOL (FULL DAY)                        ,
Run,1,5 DAY LETTER                                      ,
Run,1,ADMINISTRATIVE DETENTION                          ,
Ryan,1,5 DAY LETTER                                      ,
Ryan,1,ADMINISTRATIVE DETENTION                          ,
Ryan,1,COUNSELING                                        ,
Ryan,1,IN-SCHOOL SUSPENSION                              ,
Ryan,1,JUVENILE OR COURT REFERRAL                        ,
Ryan,1,SATURDAY SCHOOL (FULL DAY)                        ,
Sagiv,2,5 DAY LETTER                                      ,
Sagiv,2,ADMINISTRATIVE DETENTION                          ,
Sagiv,2,COUNSELING                                        ,
Sagiv,2,IN-SCHOOL SUSPENSION                              ,
Sagiv,1,JUVENILE OR COURT REFERRAL                        ,
Sagiv,2,SATURDAY SCHOOL (FULL DAY)                        ,
Sairaj,1,5 DAY LETTER                                      ,
Sairaj,1,ADMINISTRATIVE DETENTION                          ,
Sairaj,1,JUVENILE OR COURT REFERRAL                        ,
Sairaj,1,SATURDAY SCHOOL (FULL DAY)                        ,
Sameer,1,5 DAY LETTER                                      ,
Sameer,1,ADMINISTRATIVE DETENTION                          ,
Sameer,1,COUNSELING                                        ,
Sameer,2,IN-SCHOOL SUSPENSION                              ,
Sameer,2,JUVENILE OR COURT REFERRAL                        ,
Sameer,2,SATURDAY SCHOOL (FULL DAY)                        ,
Sandeep,1,ADMINISTRATIVE DETENTION                          ,
Sandeep,1,COUNSELING                                        ,
Sandeep,1,IN-SCHOOL SUSPENSION                              ,
Sandeep,1,SATURDAY SCHOOL (FULL DAY)                        ,
Sanjay,2,5 DAY LETTER                                      ,
Sanjay,1,ADMINISTRATIVE DETENTION                          ,
Sanjay,1,COUNSELING                                        ,
Sanjay,1,IN-SCHOOL SUSPENSION                              ,
Sanjay,1,JUVENILE OR COURT REFERRAL                        ,
Sanjay,1,SATURDAY SCHOOL (FULL DAY)                        ,
Scott,1,5 DAY LETTER                                      ,
Scott,1,ADMINISTRATIVE DETENTION                          ,
Scott,2,COUNSELING                                        ,
Scott,3,IN-SCHOOL SUSPENSION                              ,
Scott,2,JUVENILE OR COURT REFERRAL                        ,
Scott,3,SATURDAY SCHOOL (FULL DAY)                        ,
Sean,5,5 DAY LETTER                                      ,
Sean,6,ADMINISTRATIVE DETENTION                          ,
Sean,5,COUNSELING                                        ,
Sean,3,IN-SCHOOL SUSPENSION                              ,
Sean,4,JUVENILE OR COURT REFERRAL                        ,
Sean,5,SATURDAY SCHOOL (FULL DAY)                        ,
Seth,1,JUVENILE OR COURT REFERRAL                        ,
Seth,1,SATURDAY SCHOOL (FULL DAY)                        ,
Shaun,2,5 DAY LETTER                                      ,
Shaun,1,ADMINISTRATIVE DETENTION                          ,
Shaun,1,COUNSELING                                        ,
Shaun,1,IN-SCHOOL SUSPENSION                              ,
Shaun,2,JUVENILE OR COURT REFERRAL                        ,
Shaun,2,SATURDAY SCHOOL (FULL DAY)                        ,
Shir,1,5 DAY LETTER                                      ,
Shish,1,5 DAY LETTER                                      ,
Shish,1,ADMINISTRATIVE DETENTION                          ,
Shish,1,COUNSELING                                        ,
Shish,1,IN-SCHOOL SUSPENSION                              ,
Shish,1,SATURDAY SCHOOL (FULL DAY)                        ,
Sidney,2,5 DAY LETTER                                      ,
Sidney,1,ADMINISTRATIVE DETENTION                          ,
Sidney,1,COUNSELING                                        ,
Sidney,1,IN-SCHOOL SUSPENSION                              ,
Sidney,2,JUVENILE OR COURT REFERRAL                        ,
Sidney,1,SATURDAY SCHOOL (FULL DAY)                        ,
Siri,1,5 DAY LETTER                                      ,
Siri,1,ADMINISTRATIVE DETENTION                          ,
Siri,2,COUNSELING                                        ,
Siri,2,IN-SCHOOL SUSPENSION                              ,
Siri,1,JUVENILE OR COURT REFERRAL                        ,
Siri,1,SATURDAY SCHOOL (FULL DAY)                        ,
Soha,2,5 DAY LETTER                                      ,
Soha,1,ADMINISTRATIVE DETENTION                          ,
Soha,2,COUNSELING                                        ,
Soha,2,IN-SCHOOL SUSPENSION                              ,
Soha,2,JUVENILE OR COURT REFERRAL                        ,
Soha,2,SATURDAY SCHOOL (FULL DAY)                        ,
Soumya,1,5 DAY LETTER                                      ,
Soumya,2,ADMINISTRATIVE DETENTION                          ,
Soumya,2,COUNSELING                                        ,
Soumya,2,IN-SCHOOL SUSPENSION                              ,
Soumya,2,JUVENILE OR COURT REFERRAL                        ,
Soumya,2,SATURDAY SCHOOL (FULL DAY)                        ,
Stanimir,2,5 DAY LETTER                                      ,
Stanimir,1,ADMINISTRATIVE DETENTION                          ,
Stanimir,1,COUNSELING                                        ,
Stanimir,1,IN-SCHOOL SUSPENSION                              ,
Stanimir,1,JUVENILE OR COURT REFERRAL                        ,
Stanimir,1,SATURDAY SCHOOL (FULL DAY)                        ,
Stefan,2,5 DAY LETTER                                      ,
Stefan,3,ADMINISTRATIVE DETENTION                          ,
Stefan,2,COUNSELING                                        ,
Stefan,1,IN-SCHOOL SUSPENSION                              ,
Stefan,1,JUVENILE OR COURT REFERRAL                        ,
Stefan,1,SATURDAY SCHOOL (FULL DAY)                        ,
Sten,1,JUVENILE OR COURT REFERRAL                        ,
Stephen,1,5 DAY LETTER                                      ,
Stephen,1,ADMINISTRATIVE DETENTION                          ,
Stephen,1,COUNSELING                                        ,
Stephen,1,JUVENILE OR COURT REFERRAL                        ,
Stephen,1,SATURDAY SCHOOL (FULL DAY)                        ,
Steve,1,5 DAY LETTER                                      ,
Steve,1,ADMINISTRATIVE DETENTION                          ,
Steve,1,COUNSELING                                        ,
Steve,1,JUVENILE OR COURT REFERRAL                        ,
Steven,1,COUNSELING                                        ,
Stuart,1,5 DAY LETTER                                      ,
Stuart,1,ADMINISTRATIVE DETENTION                          ,
Stuart,1,COUNSELING                                        ,
Stuart,1,IN-SCHOOL SUSPENSION                              ,
Stuart,1,JUVENILE OR COURT REFERRAL                        ,
Stuart,1,SATURDAY SCHOOL (FULL DAY)                        ,
Suchitra,2,5 DAY LETTER                                      ,
Suchitra,2,ADMINISTRATIVE DETENTION                          ,
Suchitra,1,COUNSELING                                        ,
Suchitra,1,IN-SCHOOL SUSPENSION                              ,
Suchitra,1,JUVENILE OR COURT REFERRAL                        ,
Suchitra,1,SATURDAY SCHOOL (FULL DAY)                        ,
Sunil,2,5 DAY LETTER                                      ,
Sunil,1,ADMINISTRATIVE DETENTION                          ,
Sunil,2,COUNSELING                                        ,
Sunil,2,IN-SCHOOL SUSPENSION                              ,
Sunil,2,JUVENILE OR COURT REFERRAL                        ,
Sunil,2,SATURDAY SCHOOL (FULL DAY)                        ,
Suraj,1,5 DAY LETTER                                      ,
Suraj,2,ADMINISTRATIVE DETENTION                          ,
Suraj,2,COUNSELING                                        ,
Suraj,2,IN-SCHOOL SUSPENSION                              ,
Suraj,1,JUVENILE OR COURT REFERRAL                        ,
Suraj,1,SATURDAY SCHOOL (FULL DAY)                        ,
Susan,1,5 DAY LETTER                                      ,
Susan,2,ADMINISTRATIVE DETENTION                          ,
Susan,1,COUNSELING                                        ,
Susan,1,IN-SCHOOL SUSPENSION                              ,
Susan,1,JUVENILE OR COURT REFERRAL                        ,
Susan,1,SATURDAY SCHOOL (FULL DAY)                        ,
Sven,1,5 DAY LETTER                                      ,
Sven,1,ADMINISTRATIVE DETENTION                          ,
Sven,2,COUNSELING                                        ,
Sven,2,IN-SCHOOL SUSPENSION                              ,
Sven,1,JUVENILE OR COURT REFERRAL                        ,
Sven,1,SATURDAY SCHOOL (FULL DAY)                        ,
Tali,1,5 DAY LETTER                                      ,
Tali,1,ADMINISTRATIVE DETENTION                          ,
Tali,2,COUNSELING                                        ,
Tali,2,IN-SCHOOL SUSPENSION                              ,
Tali,1,JUVENILE OR COURT REFERRAL                        ,
Tali,2,SATURDAY SCHOOL (FULL DAY)                        ,
Tanja,2,5 DAY LETTER                                      ,
Tanja,1,ADMINISTRATIVE DETENTION                          ,
Tanja,1,COUNSELING                                        ,
Tanja,2,IN-SCHOOL SUSPENSION                              ,
Tanja,2,JUVENILE OR COURT REFERRAL                        ,
Tanja,2,SATURDAY SCHOOL (FULL DAY)                        ,
Tatsunari,1,5 DAY LETTER                                      ,
Tatsunari,1,ADMINISTRATIVE DETENTION                          ,
Tatsunari,1,COUNSELING                                        ,
Tatsunari,1,IN-SCHOOL SUSPENSION                              ,
Tatsunari,2,JUVENILE OR COURT REFERRAL                        ,
Tatsunari,2,SATURDAY SCHOOL (FULL DAY)                        ,
Toby,1,5 DAY LETTER                                      ,
Toby,1,ADMINISTRATIVE DETENTION                          ,
Toby,1,COUNSELING                                        ,
Toby,1,IN-SCHOOL SUSPENSION                              ,
Toby,1,JUVENILE OR COURT REFERRAL                        ,
Toby,1,SATURDAY SCHOOL (FULL DAY)                        ,
Tom,1,5 DAY LETTER                                      ,
Tom,1,ADMINISTRATIVE DETENTION                          ,
Tom,1,COUNSELING                                        ,
Tom,3,IN-SCHOOL SUSPENSION                              ,
Tom,2,JUVENILE OR COURT REFERRAL                        ,
Tom,2,SATURDAY SCHOOL (FULL DAY)                        ,
Tomas,1,5 DAY LETTER                                      ,
Tomas,2,ADMINISTRATIVE DETENTION                          ,
Tomas,2,COUNSELING                                        ,
Tomas,1,IN-SCHOOL SUSPENSION                              ,
Tomas,1,JUVENILE OR COURT REFERRAL                        ,
Tomas,1,SATURDAY SCHOOL (FULL DAY)                        ,
Tomﬂs,1,COUNSELING                                        ,
Tomﬂs,1,IN-SCHOOL SUSPENSION                              ,
Tomﬂs,1,SATURDAY SCHOOL (FULL DAY)                        ,
Tony,2,5 DAY LETTER                                      ,
Tony,2,ADMINISTRATIVE DETENTION                          ,
Tony,2,COUNSELING                                        ,
Tony,2,IN-SCHOOL SUSPENSION                              ,
Tony,2,JUVENILE OR COURT REFERRAL                        ,
Tsvi,1,IN-SCHOOL SUSPENSION                              ,
Tsvi,1,JUVENILE OR COURT REFERRAL                        ,
Tsvi,1,SATURDAY SCHOOL (FULL DAY)                        ,
Tude,1,5 DAY LETTER                                      ,
Tude,1,ADMINISTRATIVE DETENTION                          ,
Tude,1,COUNSELING                                        ,
Tzipi,1,JUVENILE OR COURT REFERRAL                        ,
Uzi,1,JUVENILE OR COURT REFERRAL                        ,
Viara,1,5 DAY LETTER                                      ,
Viara,1,ADMINISTRATIVE DETENTION                          ,
Viara,1,COUNSELING                                        ,
Viara,1,IN-SCHOOL SUSPENSION                              ,
Viara,1,JUVENILE OR COURT REFERRAL                        ,
Viktor,1,5 DAY LETTER                                      ,
Viktor,1,ADMINISTRATIVE DETENTION                          ,
Viktor,1,COUNSELING                                        ,
Viktor,1,IN-SCHOOL SUSPENSION                              ,
Viktor,1,JUVENILE OR COURT REFERRAL                        ,
Viktor,2,SATURDAY SCHOOL (FULL DAY)                        ,
Virginie,1,5 DAY LETTER                                      ,
Virginie,1,ADMINISTRATIVE DETENTION                          ,
Virginie,1,COUNSELING                                        ,
Virginie,1,IN-SCHOOL SUSPENSION                              ,
Virginie,1,JUVENILE OR COURT REFERRAL                        ,
Walter,1,5 DAY LETTER                                      ,
Walter,2,ADMINISTRATIVE DETENTION                          ,
Walter,2,COUNSELING                                        ,
Walter,1,IN-SCHOOL SUSPENSION                              ,
Walter,2,JUVENILE OR COURT REFERRAL                        ,
Walter,2,SATURDAY SCHOOL (FULL DAY)                        ,
Will,2,5 DAY LETTER                                      ,
Will,2,ADMINISTRATIVE DETENTION                          ,
Will,2,COUNSELING                                        ,
Will,1,IN-SCHOOL SUSPENSION                              ,
Will,2,JUVENILE OR COURT REFERRAL                        ,
Will,1,SATURDAY SCHOOL (FULL DAY)                        ,
Wirote,2,5 DAY LETTER                                      ,
Wirote,1,ADMINISTRATIVE DETENTION                          ,
Wirote,2,COUNSELING                                        ,
Wirote,2,IN-SCHOOL SUSPENSION                              ,
Wirote,2,JUVENILE OR COURT REFERRAL                        ,
Wirote,2,SATURDAY SCHOOL (FULL DAY)                        ,
Yolanda,1,IN-SCHOOL SUSPENSION                              ,
Yolanda,1,JUVENILE OR COURT REFERRAL                        ,
Yolanda,1,SATURDAY SCHOOL (FULL DAY)                        ,
Yossi,1,5 DAY LETTER                                      ,
Yossi,1,ADMINISTRATIVE DETENTION                          ,
Yossi,2,COUNSELING                                        ,
Yossi,2,IN-SCHOOL SUSPENSION                              ,
Yossi,1,JUVENILE OR COURT REFERRAL                        ,
Yossi,1,SATURDAY SCHOOL (FULL DAY)                        ,
Yuhong,1,5 DAY LETTER                                      ,
Yuhong,1,ADMINISTRATIVE DETENTION                          ,
Yuhong,1,COUNSELING                                        ,
Yuhong,1,IN-SCHOOL SUSPENSION                              ,
Yuhong,2,JUVENILE OR COURT REFERRAL                        ,
Yuhong,2,SATURDAY SCHOOL (FULL DAY)                        ,
Yukari,2,5 DAY LETTER                                      ,
Yukari,1,ADMINISTRATIVE DETENTION                          ,
Yukari,1,COUNSELING                                        ,
Yukari,1,IN-SCHOOL SUSPENSION                              ,
Yukari,2,JUVENILE OR COURT REFERRAL                        ,
Yukari,1,SATURDAY SCHOOL (FULL DAY)                        ,
Yun-Feng,1,ADMINISTRATIVE DETENTION                          ,
Zainal,1,IN-SCHOOL SUSPENSION                              ,
Zainal,1,JUVENILE OR COURT REFERRAL                        ,
Zainal,1,SATURDAY SCHOOL (FULL DAY)                        ,
Zoltﬂn,1,5 DAY LETTER                                      ,
Zoltﬂn,1,ADMINISTRATIVE DETENTION                          ,
Zoltﬂn,1,COUNSELING                                        ,
Zoltﬂn,2,IN-SCHOOL SUSPENSION                              ,
Zoltﬂn,2,JUVENILE OR COURT REFERRAL                        ,
Zoltﬂn,2,SATURDAY SCHOOL (FULL DAY)                        ,
